{"XRP/BTC": 56.48173186, "XRP/ETH": 711.4602714}